ID,Label,Circuit Name,Qubits,Depth,CNOTs,Total Params,Feature-Bound Params,Variational Params
IQP/LexicalAmbiguity_0,Ambiguity_Man,circuit-523,1,6,0,6,6,0
IQP/LexicalAmbiguity_1,Ambiguity_Man,circuit-525,1,6,0,6,6,0
IQP/LexicalAmbiguity_2,Ambiguity_Man,circuit-527,2,8,0,4,4,0
IQP/LexicalAmbiguity_3,Ambiguity_Man,circuit-529,1,4,0,4,4,0
IQP/LexicalAmbiguity_4,Ambiguity_Man,circuit-531,4,2,0,8,8,0
IQP/LexicalAmbiguity_5,Ambiguity_Man,circuit-533,1,4,0,4,4,0
IQP/LexicalAmbiguity_6,Ambiguity_Man,circuit-535,3,13,0,8,8,0
IQP/LexicalAmbiguity_7,Ambiguity_Man,circuit-537,2,9,0,8,8,0
IQP/LexicalAmbiguity_8,Ambiguity_Man,circuit-539,2,8,0,4,4,0
IQP/LexicalAmbiguity_9,Ambiguity_Man,circuit-541,1,4,0,4,4,0
IQP/LexicalAmbiguity_10,Ambiguity_Leg,circuit-543,1,2,0,2,2,0
IQP/LexicalAmbiguity_11,Ambiguity_Leg,circuit-545,1,4,0,4,4,0
IQP/LexicalAmbiguity_12,Ambiguity_Leg,circuit-547,2,8,0,4,4,0
IQP/LexicalAmbiguity_13,Ambiguity_Leg,circuit-549,5,2,0,10,10,0
IQP/LexicalAmbiguity_15,Ambiguity_Leg,circuit-552,1,2,0,2,2,0
IQP/LexicalAmbiguity_17,Ambiguity_Leg,circuit-555,1,4,0,4,4,0
IQP/LexicalAmbiguity_18,Ambiguity_Leg,circuit-557,3,2,0,6,6,0
IQP/LexicalAmbiguity_19,Ambiguity_Leg,circuit-559,1,4,0,4,4,0
IQP/LexicalAmbiguity_20,Ambiguity_Spring,circuit-561,1,2,0,2,2,0
IQP/LexicalAmbiguity_21,Ambiguity_Eye,circuit-563,3,2,0,6,6,0
IQP/LexicalAmbiguity_22,Ambiguity_Eye,circuit-565,3,2,0,6,6,0
IQP/LexicalAmbiguity_23,Ambiguity_Spring,circuit-567,1,6,0,6,6,0
IQP/LexicalAmbiguity_24,Ambiguity_Eye,circuit-569,3,2,0,6,6,0
IQP/LexicalAmbiguity_25,Ambiguity_Spring,circuit-571,2,8,0,4,4,0
IQP/LexicalAmbiguity_26,Ambiguity_Eye,circuit-573,1,4,0,4,4,0
IQP/LexicalAmbiguity_27,Ambiguity_Spring,circuit-575,7,2,0,14,14,0
IQP/LexicalAmbiguity_28,Ambiguity_Eye,circuit-577,5,2,0,10,10,0
IQP/LexicalAmbiguity_29,Ambiguity_Spring,circuit-579,1,2,0,2,2,0
IQP/LexicalAmbiguity_30,Ambiguity_Camel,circuit-581,4,2,0,8,8,0
IQP/LexicalAmbiguity_31,Ambiguity_Camel,circuit-583,1,4,0,4,4,0
IQP/LexicalAmbiguity_32,Ambiguity_Camel,circuit-585,2,10,0,6,6,0
IQP/LexicalAmbiguity_33,Ambiguity_Camel,circuit-587,2,9,0,8,8,0
IQP/LexicalAmbiguity_34,Ambiguity_Camel,circuit-589,2,8,0,6,6,0
IQP/LexicalAmbiguity_35,Ambiguity_Camel,circuit-591,1,4,0,4,4,0
IQP/LexicalAmbiguity_36,Ambiguity_Camel,circuit-593,1,4,0,4,4,0
IQP/LexicalAmbiguity_37,Ambiguity_Camel,circuit-595,1,4,0,4,4,0
IQP/LexicalAmbiguity_38,Ambiguity_Camel,circuit-597,1,4,0,4,4,0
IQP/LexicalAmbiguity_39,Ambiguity_Camel,circuit-599,2,9,0,8,8,0
IQP/LexicalAmbiguity_40,Ambiguity_Sentences,circuit-601,2,10,0,6,6,0
IQP/LexicalAmbiguity_41,Ambiguity_Sentences,circuit-603,1,4,0,4,4,0
IQP/LexicalAmbiguity_42,Ambiguity_Sentences,circuit-605,1,4,0,4,4,0
IQP/LexicalAmbiguity_43,Ambiguity_Sentences,circuit-607,2,10,0,6,6,0
IQP/LexicalAmbiguity_44,Ambiguity_Sentences,circuit-609,1,4,0,4,4,0
IQP/LexicalAmbiguity_45,Ambiguity_Sentences,circuit-611,2,10,0,6,6,0
IQP/LexicalAmbiguity_46,Ambiguity_Sentences,circuit-613,2,11,0,10,10,0
IQP/LexicalAmbiguity_47,Ambiguity_Sentences,circuit-615,1,4,0,4,4,0
IQP/LexicalAmbiguity_48,Ambiguity_Sentences,circuit-617,3,13,0,8,8,0
IQP/LexicalAmbiguity_49,Ambiguity_Sentences,circuit-619,2,10,0,8,8,0
IQP/LexicalAmbiguity_50,Ambiguity_Flag,circuit-621,2,9,0,8,8,0
IQP/LexicalAmbiguity_52,Ambiguity_Flag,circuit-624,2,9,0,8,8,0
IQP/LexicalAmbiguity_55,Ambiguity_Flag,circuit-628,1,4,0,4,4,0
IQP/LexicalAmbiguity_56,Ambiguity_Flag,circuit-630,1,2,0,2,2,0
IQP/LexicalAmbiguity_57,Ambiguity_Flag,circuit-632,3,2,0,6,6,0
IQP/LexicalAmbiguity_58,Ambiguity_Flag,circuit-634,2,8,0,6,6,0
IQP/LexicalAmbiguity_59,Ambiguity_Flag,circuit-636,2,9,0,8,8,0
IQP/LexicalAmbiguity_60,Ambiguity_Knowledge,circuit-638,3,15,0,10,10,0
IQP/LexicalAmbiguity_61,Ambiguity_Knowledge,circuit-640,5,2,0,10,10,0
IQP/LexicalAmbiguity_62,Ambiguity_Knowledge,circuit-642,2,9,0,8,8,0
IQP/LexicalAmbiguity_63,Ambiguity_Knowledge,circuit-644,1,4,0,4,4,0
IQP/LexicalAmbiguity_64,Ambiguity_Knowledge,circuit-646,2,8,0,6,6,0
IQP/LexicalAmbiguity_65,Ambiguity_Knowledge,circuit-648,3,13,0,10,10,0
IQP/LexicalAmbiguity_66,Ambiguity_Knowledge,circuit-650,5,2,0,10,10,0
IQP/LexicalAmbiguity_67,Ambiguity_Knowledge,circuit-652,1,6,0,6,6,0
IQP/LexicalAmbiguity_68,Ambiguity_Knowledge,circuit-654,4,2,0,8,8,0
IQP/LexicalAmbiguity_69,Ambiguity_Knowledge,circuit-656,1,4,0,4,4,0
IQP/LexicalAmbiguity_70,Ambiguity_King,circuit-658,3,2,0,6,6,0
IQP/LexicalAmbiguity_71,Ambiguity_King,circuit-660,1,4,0,4,4,0
IQP/LexicalAmbiguity_72,Ambiguity_King,circuit-662,1,4,0,4,4,0
IQP/LexicalAmbiguity_73,Ambiguity_King,circuit-664,1,4,0,4,4,0
IQP/LexicalAmbiguity_74,Ambiguity_King,circuit-666,1,4,0,4,4,0
IQP/LexicalAmbiguity_75,Ambiguity_King,circuit-668,2,9,0,8,8,0
IQP/LexicalAmbiguity_76,Ambiguity_King,circuit-670,2,9,0,8,8,0
IQP/LexicalAmbiguity_77,Ambiguity_King,circuit-672,1,4,0,4,4,0
IQP/LexicalAmbiguity_78,Ambiguity_King,circuit-674,1,4,0,4,4,0
IQP/LexicalAmbiguity_79,Ambiguity_King,circuit-676,1,4,0,4,4,0
IQP/LexicalAmbiguity_86,Ambiguity_Possess,circuit-684,1,4,0,4,4,0
IQP/LexicalAmbiguity_90,Ambiguity_Hit,circuit-689,1,4,0,4,4,0
IQP/LexicalAmbiguity_91,Ambiguity_Hit,circuit-691,1,4,0,4,4,0
IQP/LexicalAmbiguity_92,Ambiguity_Hit,circuit-693,1,4,0,4,4,0
IQP/LexicalAmbiguity_93,Ambiguity_Hit,circuit-695,1,6,0,6,6,0
IQP/LexicalAmbiguity_94,Ambiguity_Hit,circuit-697,1,4,0,4,4,0
IQP/LexicalAmbiguity_95,Ambiguity_Hit,circuit-699,2,9,0,8,8,0
IQP/LexicalAmbiguity_96,Ambiguity_Hit,circuit-701,2,8,0,6,6,0
IQP/LexicalAmbiguity_97,Ambiguity_Hit,circuit-703,2,9,0,8,8,0
IQP/LexicalAmbiguity_98,Ambiguity_Hit,circuit-705,1,4,0,4,4,0
IQP/LexicalAmbiguity_99,Ambiguity_Hit,circuit-707,1,4,0,4,4,0
IQP/LexicalAmbiguity_100,Ambiguity_Multiply,circuit-709,2,8,0,4,4,0
IQP/LexicalAmbiguity_101,Ambiguity_Multiply,circuit-711,1,2,0,2,2,0
IQP/LexicalAmbiguity_102,Ambiguity_Multiply,circuit-713,1,4,0,4,4,0
IQP/LexicalAmbiguity_103,Ambiguity_Multiply,circuit-715,4,2,0,8,8,0
IQP/LexicalAmbiguity_104,Ambiguity_Multiply,circuit-717,2,9,0,8,8,0
IQP/LexicalAmbiguity_105,Ambiguity_Multiply,circuit-719,2,8,0,4,4,0
IQP/LexicalAmbiguity_106,Ambiguity_Multiply,circuit-721,1,4,0,4,4,0
IQP/LexicalAmbiguity_107,Ambiguity_Multiply,circuit-723,3,13,0,10,10,0
IQP/LexicalAmbiguity_108,Ambiguity_Multiply,circuit-725,2,9,0,8,8,0
IQP/LexicalAmbiguity_109,Ambiguity_Multiply,circuit-727,1,4,0,4,4,0
IQP/LexicalAmbiguity_110,Ambiguity_Open,circuit-729,2,8,0,6,6,0
IQP/LexicalAmbiguity_111,Ambiguity_Open,circuit-731,2,9,0,8,8,0
IQP/LexicalAmbiguity_112,Ambiguity_Open,circuit-733,2,9,0,8,8,0
IQP/LexicalAmbiguity_113,Ambiguity_Open,circuit-735,2,9,0,8,8,0
IQP/LexicalAmbiguity_114,Ambiguity_Open,circuit-737,3,14,0,10,10,0
IQP/LexicalAmbiguity_115,Ambiguity_Conquer,circuit-739,1,4,0,4,4,0
IQP/LexicalAmbiguity_116,Ambiguity_Conquer,circuit-741,1,4,0,4,4,0
IQP/LexicalAmbiguity_117,Ambiguity_Conquer,circuit-743,1,4,0,4,4,0
IQP/LexicalAmbiguity_118,Ambiguity_Conquer,circuit-745,1,4,0,4,4,0
IQP/LexicalAmbiguity_119,Ambiguity_Conquer,circuit-747,1,4,0,4,4,0
IQP/LexicalAmbiguity_120,Ambiguity_Open,circuit-749,1,4,0,4,4,0
IQP/LexicalAmbiguity_121,Ambiguity_Open,circuit-751,1,4,0,4,4,0
IQP/LexicalAmbiguity_122,Ambiguity_Open,circuit-753,1,4,0,4,4,0
IQP/LexicalAmbiguity_123,Ambiguity_Open,circuit-755,1,4,0,4,4,0
IQP/LexicalAmbiguity_124,Ambiguity_Open,circuit-757,3,14,0,10,10,0
StronglyEntangling/LexicalAmbiguity_0,Ambiguity_Man,circuit-22439,1,6,0,6,6,0
StronglyEntangling/LexicalAmbiguity_1,Ambiguity_Man,circuit-22441,1,6,0,6,6,0
StronglyEntangling/LexicalAmbiguity_2,Ambiguity_Man,circuit-22443,2,6,0,3,3,0
StronglyEntangling/LexicalAmbiguity_3,Ambiguity_Man,circuit-22445,1,4,0,4,4,0
StronglyEntangling/LexicalAmbiguity_4,Ambiguity_Man,circuit-22447,4,2,0,8,8,0
StronglyEntangling/LexicalAmbiguity_5,Ambiguity_Man,circuit-22449,1,4,0,4,4,0
StronglyEntangling/LexicalAmbiguity_6,Ambiguity_Man,circuit-22451,3,9,0,6,6,0
StronglyEntangling/LexicalAmbiguity_7,Ambiguity_Man,circuit-22453,2,7,0,7,7,0
StronglyEntangling/LexicalAmbiguity_8,Ambiguity_Man,circuit-22455,2,6,0,3,3,0
StronglyEntangling/LexicalAmbiguity_9,Ambiguity_Man,circuit-22457,1,4,0,4,4,0
StronglyEntangling/LexicalAmbiguity_10,Ambiguity_Leg,circuit-22459,1,2,0,2,2,0
StronglyEntangling/LexicalAmbiguity_11,Ambiguity_Leg,circuit-22461,1,4,0,4,4,0
StronglyEntangling/LexicalAmbiguity_12,Ambiguity_Leg,circuit-22463,2,6,0,3,3,0
StronglyEntangling/LexicalAmbiguity_13,Ambiguity_Leg,circuit-22465,5,2,0,10,10,0
StronglyEntangling/LexicalAmbiguity_15,Ambiguity_Leg,circuit-22468,1,2,0,2,2,0
StronglyEntangling/LexicalAmbiguity_17,Ambiguity_Leg,circuit-22471,1,4,0,4,4,0
StronglyEntangling/LexicalAmbiguity_18,Ambiguity_Leg,circuit-22473,3,2,0,6,6,0
StronglyEntangling/LexicalAmbiguity_19,Ambiguity_Leg,circuit-22475,1,4,0,4,4,0
StronglyEntangling/LexicalAmbiguity_20,Ambiguity_Spring,circuit-22477,1,2,0,2,2,0
StronglyEntangling/LexicalAmbiguity_21,Ambiguity_Eye,circuit-22479,3,2,0,6,6,0
StronglyEntangling/LexicalAmbiguity_22,Ambiguity_Eye,circuit-22481,3,2,0,6,6,0
StronglyEntangling/LexicalAmbiguity_23,Ambiguity_Spring,circuit-22483,1,6,0,6,6,0
StronglyEntangling/LexicalAmbiguity_24,Ambiguity_Eye,circuit-22485,3,2,0,6,6,0
StronglyEntangling/LexicalAmbiguity_25,Ambiguity_Spring,circuit-22487,2,6,0,3,3,0
StronglyEntangling/LexicalAmbiguity_26,Ambiguity_Eye,circuit-22489,1,4,0,4,4,0
StronglyEntangling/LexicalAmbiguity_27,Ambiguity_Spring,circuit-22491,7,2,0,14,14,0
StronglyEntangling/LexicalAmbiguity_28,Ambiguity_Eye,circuit-22493,5,2,0,10,10,0
StronglyEntangling/LexicalAmbiguity_29,Ambiguity_Spring,circuit-22495,1,2,0,2,2,0
StronglyEntangling/LexicalAmbiguity_30,Ambiguity_Camel,circuit-22497,4,2,0,8,8,0
StronglyEntangling/LexicalAmbiguity_31,Ambiguity_Camel,circuit-22499,1,4,0,4,4,0
StronglyEntangling/LexicalAmbiguity_32,Ambiguity_Camel,circuit-22501,2,8,0,5,5,0
StronglyEntangling/LexicalAmbiguity_33,Ambiguity_Camel,circuit-22503,2,7,0,7,7,0
StronglyEntangling/LexicalAmbiguity_34,Ambiguity_Camel,circuit-22505,2,6,0,5,5,0
StronglyEntangling/LexicalAmbiguity_35,Ambiguity_Camel,circuit-22507,1,4,0,4,4,0
StronglyEntangling/LexicalAmbiguity_36,Ambiguity_Camel,circuit-22509,1,4,0,4,4,0
StronglyEntangling/LexicalAmbiguity_37,Ambiguity_Camel,circuit-22511,1,4,0,4,4,0
StronglyEntangling/LexicalAmbiguity_38,Ambiguity_Camel,circuit-22513,1,4,0,4,4,0
StronglyEntangling/LexicalAmbiguity_39,Ambiguity_Camel,circuit-22515,2,7,0,7,7,0
StronglyEntangling/LexicalAmbiguity_40,Ambiguity_Sentences,circuit-22517,2,8,0,5,5,0
StronglyEntangling/LexicalAmbiguity_41,Ambiguity_Sentences,circuit-22519,1,4,0,4,4,0
StronglyEntangling/LexicalAmbiguity_42,Ambiguity_Sentences,circuit-22521,1,4,0,4,4,0
StronglyEntangling/LexicalAmbiguity_43,Ambiguity_Sentences,circuit-22523,2,8,0,5,5,0
StronglyEntangling/LexicalAmbiguity_44,Ambiguity_Sentences,circuit-22525,1,4,0,4,4,0
StronglyEntangling/LexicalAmbiguity_45,Ambiguity_Sentences,circuit-22527,2,8,0,5,5,0
StronglyEntangling/LexicalAmbiguity_46,Ambiguity_Sentences,circuit-22529,2,9,0,9,9,0
StronglyEntangling/LexicalAmbiguity_47,Ambiguity_Sentences,circuit-22531,1,4,0,4,4,0
StronglyEntangling/LexicalAmbiguity_48,Ambiguity_Sentences,circuit-22533,3,9,0,6,6,0
StronglyEntangling/LexicalAmbiguity_49,Ambiguity_Sentences,circuit-22535,2,8,0,7,7,0
StronglyEntangling/LexicalAmbiguity_50,Ambiguity_Flag,circuit-22537,2,7,0,7,7,0
StronglyEntangling/LexicalAmbiguity_52,Ambiguity_Flag,circuit-22540,2,7,0,7,7,0
StronglyEntangling/LexicalAmbiguity_55,Ambiguity_Flag,circuit-22544,1,4,0,4,4,0
StronglyEntangling/LexicalAmbiguity_56,Ambiguity_Flag,circuit-22546,1,2,0,2,2,0
StronglyEntangling/LexicalAmbiguity_57,Ambiguity_Flag,circuit-22548,3,2,0,6,6,0
StronglyEntangling/LexicalAmbiguity_58,Ambiguity_Flag,circuit-22550,2,6,0,5,5,0
StronglyEntangling/LexicalAmbiguity_59,Ambiguity_Flag,circuit-22552,2,7,0,7,7,0
StronglyEntangling/LexicalAmbiguity_60,Ambiguity_Knowledge,circuit-22554,3,11,0,8,8,0
StronglyEntangling/LexicalAmbiguity_61,Ambiguity_Knowledge,circuit-22556,5,2,0,10,10,0
StronglyEntangling/LexicalAmbiguity_62,Ambiguity_Knowledge,circuit-22558,2,7,0,7,7,0
StronglyEntangling/LexicalAmbiguity_63,Ambiguity_Knowledge,circuit-22560,1,4,0,4,4,0
StronglyEntangling/LexicalAmbiguity_64,Ambiguity_Knowledge,circuit-22562,2,6,0,5,5,0
StronglyEntangling/LexicalAmbiguity_65,Ambiguity_Knowledge,circuit-22564,3,9,0,8,8,0
StronglyEntangling/LexicalAmbiguity_66,Ambiguity_Knowledge,circuit-22566,5,2,0,10,10,0
StronglyEntangling/LexicalAmbiguity_67,Ambiguity_Knowledge,circuit-22568,1,6,0,6,6,0
StronglyEntangling/LexicalAmbiguity_68,Ambiguity_Knowledge,circuit-22570,4,2,0,8,8,0
StronglyEntangling/LexicalAmbiguity_69,Ambiguity_Knowledge,circuit-22572,1,4,0,4,4,0
StronglyEntangling/LexicalAmbiguity_70,Ambiguity_King,circuit-22574,3,2,0,6,6,0
StronglyEntangling/LexicalAmbiguity_71,Ambiguity_King,circuit-22576,1,4,0,4,4,0
StronglyEntangling/LexicalAmbiguity_72,Ambiguity_King,circuit-22578,1,4,0,4,4,0
StronglyEntangling/LexicalAmbiguity_73,Ambiguity_King,circuit-22580,1,4,0,4,4,0
StronglyEntangling/LexicalAmbiguity_74,Ambiguity_King,circuit-22582,1,4,0,4,4,0
StronglyEntangling/LexicalAmbiguity_75,Ambiguity_King,circuit-22584,2,7,0,7,7,0
StronglyEntangling/LexicalAmbiguity_76,Ambiguity_King,circuit-22586,2,7,0,7,7,0
StronglyEntangling/LexicalAmbiguity_77,Ambiguity_King,circuit-22588,1,4,0,4,4,0
StronglyEntangling/LexicalAmbiguity_78,Ambiguity_King,circuit-22590,1,4,0,4,4,0
StronglyEntangling/LexicalAmbiguity_79,Ambiguity_King,circuit-22592,1,4,0,4,4,0
StronglyEntangling/LexicalAmbiguity_86,Ambiguity_Possess,circuit-22600,1,4,0,4,4,0
StronglyEntangling/LexicalAmbiguity_90,Ambiguity_Hit,circuit-22605,1,4,0,4,4,0
StronglyEntangling/LexicalAmbiguity_91,Ambiguity_Hit,circuit-22607,1,4,0,4,4,0
StronglyEntangling/LexicalAmbiguity_92,Ambiguity_Hit,circuit-22609,1,4,0,4,4,0
StronglyEntangling/LexicalAmbiguity_93,Ambiguity_Hit,circuit-22611,1,6,0,6,6,0
StronglyEntangling/LexicalAmbiguity_94,Ambiguity_Hit,circuit-22613,1,4,0,4,4,0
StronglyEntangling/LexicalAmbiguity_95,Ambiguity_Hit,circuit-22615,2,7,0,7,7,0
StronglyEntangling/LexicalAmbiguity_96,Ambiguity_Hit,circuit-22617,2,6,0,5,5,0
StronglyEntangling/LexicalAmbiguity_97,Ambiguity_Hit,circuit-22619,2,7,0,7,7,0
StronglyEntangling/LexicalAmbiguity_98,Ambiguity_Hit,circuit-22621,1,4,0,4,4,0
StronglyEntangling/LexicalAmbiguity_99,Ambiguity_Hit,circuit-22623,1,4,0,4,4,0
StronglyEntangling/LexicalAmbiguity_100,Ambiguity_Multiply,circuit-22625,2,6,0,3,3,0
StronglyEntangling/LexicalAmbiguity_101,Ambiguity_Multiply,circuit-22627,1,2,0,2,2,0
StronglyEntangling/LexicalAmbiguity_102,Ambiguity_Multiply,circuit-22629,1,4,0,4,4,0
StronglyEntangling/LexicalAmbiguity_103,Ambiguity_Multiply,circuit-22631,4,2,0,8,8,0
StronglyEntangling/LexicalAmbiguity_104,Ambiguity_Multiply,circuit-22633,2,7,0,7,7,0
StronglyEntangling/LexicalAmbiguity_105,Ambiguity_Multiply,circuit-22635,2,6,0,3,3,0
StronglyEntangling/LexicalAmbiguity_106,Ambiguity_Multiply,circuit-22637,1,4,0,4,4,0
StronglyEntangling/LexicalAmbiguity_107,Ambiguity_Multiply,circuit-22639,3,9,0,8,8,0
StronglyEntangling/LexicalAmbiguity_108,Ambiguity_Multiply,circuit-22641,2,7,0,7,7,0
StronglyEntangling/LexicalAmbiguity_109,Ambiguity_Multiply,circuit-22643,1,4,0,4,4,0
StronglyEntangling/LexicalAmbiguity_110,Ambiguity_Open,circuit-22645,2,6,0,5,5,0
StronglyEntangling/LexicalAmbiguity_111,Ambiguity_Open,circuit-22647,2,7,0,7,7,0
StronglyEntangling/LexicalAmbiguity_112,Ambiguity_Open,circuit-22649,2,7,0,7,7,0
StronglyEntangling/LexicalAmbiguity_113,Ambiguity_Open,circuit-22651,2,7,0,7,7,0
StronglyEntangling/LexicalAmbiguity_114,Ambiguity_Open,circuit-22653,3,10,0,9,9,0
StronglyEntangling/LexicalAmbiguity_115,Ambiguity_Conquer,circuit-22655,1,4,0,4,4,0
StronglyEntangling/LexicalAmbiguity_116,Ambiguity_Conquer,circuit-22657,1,4,0,4,4,0
StronglyEntangling/LexicalAmbiguity_117,Ambiguity_Conquer,circuit-22659,1,4,0,4,4,0
StronglyEntangling/LexicalAmbiguity_118,Ambiguity_Conquer,circuit-22661,1,4,0,4,4,0
StronglyEntangling/LexicalAmbiguity_119,Ambiguity_Conquer,circuit-22663,1,4,0,4,4,0
StronglyEntangling/LexicalAmbiguity_120,Ambiguity_Open,circuit-22665,1,4,0,4,4,0
StronglyEntangling/LexicalAmbiguity_121,Ambiguity_Open,circuit-22667,1,4,0,4,4,0
StronglyEntangling/LexicalAmbiguity_122,Ambiguity_Open,circuit-22669,1,4,0,4,4,0
StronglyEntangling/LexicalAmbiguity_123,Ambiguity_Open,circuit-22671,1,4,0,4,4,0
StronglyEntangling/LexicalAmbiguity_124,Ambiguity_Open,circuit-22673,3,10,0,9,9,0
Sim14/LexicalAmbiguity_0,Ambiguity_Man,circuit-44355,1,9,0,9,9,0
Sim14/LexicalAmbiguity_1,Ambiguity_Man,circuit-44357,1,9,0,9,9,0
Sim14/LexicalAmbiguity_2,Ambiguity_Man,circuit-44359,2,16,0,19,19,0
Sim14/LexicalAmbiguity_3,Ambiguity_Man,circuit-44361,1,6,0,6,6,0
Sim14/LexicalAmbiguity_4,Ambiguity_Man,circuit-44363,4,3,0,12,12,0
Sim14/LexicalAmbiguity_5,Ambiguity_Man,circuit-44365,1,6,0,6,6,0
Sim14/LexicalAmbiguity_6,Ambiguity_Man,circuit-44367,3,28,0,38,38,0
Sim14/LexicalAmbiguity_7,Ambiguity_Man,circuit-44369,2,18,0,25,25,0
Sim14/LexicalAmbiguity_8,Ambiguity_Man,circuit-44371,2,16,0,19,19,0
Sim14/LexicalAmbiguity_9,Ambiguity_Man,circuit-44373,1,6,0,6,6,0
Sim14/LexicalAmbiguity_10,Ambiguity_Leg,circuit-44375,1,3,0,3,3,0
Sim14/LexicalAmbiguity_11,Ambiguity_Leg,circuit-44377,1,6,0,6,6,0
Sim14/LexicalAmbiguity_12,Ambiguity_Leg,circuit-44379,2,16,0,19,19,0
Sim14/LexicalAmbiguity_13,Ambiguity_Leg,circuit-44381,5,3,0,15,15,0
Sim14/LexicalAmbiguity_15,Ambiguity_Leg,circuit-44384,1,3,0,3,3,0
Sim14/LexicalAmbiguity_17,Ambiguity_Leg,circuit-44387,1,6,0,6,6,0
Sim14/LexicalAmbiguity_18,Ambiguity_Leg,circuit-44389,3,3,0,9,9,0
Sim14/LexicalAmbiguity_19,Ambiguity_Leg,circuit-44391,1,6,0,6,6,0
Sim14/LexicalAmbiguity_20,Ambiguity_Spring,circuit-44393,1,3,0,3,3,0
Sim14/LexicalAmbiguity_21,Ambiguity_Eye,circuit-44395,3,3,0,9,9,0
Sim14/LexicalAmbiguity_22,Ambiguity_Eye,circuit-44397,3,3,0,9,9,0
Sim14/LexicalAmbiguity_23,Ambiguity_Spring,circuit-44399,1,9,0,9,9,0
Sim14/LexicalAmbiguity_24,Ambiguity_Eye,circuit-44401,3,3,0,9,9,0
Sim14/LexicalAmbiguity_25,Ambiguity_Spring,circuit-44403,2,16,0,19,19,0
Sim14/LexicalAmbiguity_26,Ambiguity_Eye,circuit-44405,1,6,0,6,6,0
Sim14/LexicalAmbiguity_27,Ambiguity_Spring,circuit-44407,7,3,0,21,21,0
Sim14/LexicalAmbiguity_28,Ambiguity_Eye,circuit-44409,5,3,0,15,15,0
Sim14/LexicalAmbiguity_29,Ambiguity_Spring,circuit-44411,1,3,0,3,3,0
Sim14/LexicalAmbiguity_30,Ambiguity_Camel,circuit-44413,4,3,0,12,12,0
Sim14/LexicalAmbiguity_31,Ambiguity_Camel,circuit-44415,1,6,0,6,6,0
Sim14/LexicalAmbiguity_32,Ambiguity_Camel,circuit-44417,2,19,0,22,22,0
Sim14/LexicalAmbiguity_33,Ambiguity_Camel,circuit-44419,2,18,0,25,25,0
Sim14/LexicalAmbiguity_34,Ambiguity_Camel,circuit-44421,2,16,0,22,22,0
Sim14/LexicalAmbiguity_35,Ambiguity_Camel,circuit-44423,1,6,0,6,6,0
Sim14/LexicalAmbiguity_36,Ambiguity_Camel,circuit-44425,1,6,0,6,6,0
Sim14/LexicalAmbiguity_37,Ambiguity_Camel,circuit-44427,1,6,0,6,6,0
Sim14/LexicalAmbiguity_38,Ambiguity_Camel,circuit-44429,1,6,0,6,6,0
Sim14/LexicalAmbiguity_39,Ambiguity_Camel,circuit-44431,2,18,0,25,25,0
Sim14/LexicalAmbiguity_40,Ambiguity_Sentences,circuit-44433,2,19,0,22,22,0
Sim14/LexicalAmbiguity_41,Ambiguity_Sentences,circuit-44435,1,6,0,6,6,0
Sim14/LexicalAmbiguity_42,Ambiguity_Sentences,circuit-44437,1,6,0,6,6,0
Sim14/LexicalAmbiguity_43,Ambiguity_Sentences,circuit-44439,2,19,0,22,22,0
Sim14/LexicalAmbiguity_44,Ambiguity_Sentences,circuit-44441,1,6,0,6,6,0
Sim14/LexicalAmbiguity_45,Ambiguity_Sentences,circuit-44443,2,19,0,22,22,0
Sim14/LexicalAmbiguity_46,Ambiguity_Sentences,circuit-44445,2,21,0,28,28,0
Sim14/LexicalAmbiguity_47,Ambiguity_Sentences,circuit-44447,1,6,0,6,6,0
Sim14/LexicalAmbiguity_48,Ambiguity_Sentences,circuit-44449,3,28,0,38,38,0
Sim14/LexicalAmbiguity_49,Ambiguity_Sentences,circuit-44451,2,19,0,25,25,0
Sim14/LexicalAmbiguity_50,Ambiguity_Flag,circuit-44453,2,18,0,25,25,0
Sim14/LexicalAmbiguity_52,Ambiguity_Flag,circuit-44456,2,18,0,25,25,0
Sim14/LexicalAmbiguity_55,Ambiguity_Flag,circuit-44460,1,6,0,6,6,0
Sim14/LexicalAmbiguity_56,Ambiguity_Flag,circuit-44462,1,3,0,3,3,0
Sim14/LexicalAmbiguity_57,Ambiguity_Flag,circuit-44464,3,3,0,9,9,0
Sim14/LexicalAmbiguity_58,Ambiguity_Flag,circuit-44466,2,16,0,22,22,0
Sim14/LexicalAmbiguity_59,Ambiguity_Flag,circuit-44468,2,18,0,25,25,0
Sim14/LexicalAmbiguity_60,Ambiguity_Knowledge,circuit-44470,3,31,0,41,41,0
Sim14/LexicalAmbiguity_61,Ambiguity_Knowledge,circuit-44472,5,3,0,15,15,0
Sim14/LexicalAmbiguity_62,Ambiguity_Knowledge,circuit-44474,2,18,0,25,25,0
Sim14/LexicalAmbiguity_63,Ambiguity_Knowledge,circuit-44476,1,6,0,6,6,0
Sim14/LexicalAmbiguity_64,Ambiguity_Knowledge,circuit-44478,2,16,0,22,22,0
Sim14/LexicalAmbiguity_65,Ambiguity_Knowledge,circuit-44480,3,28,0,41,41,0
Sim14/LexicalAmbiguity_66,Ambiguity_Knowledge,circuit-44482,5,3,0,15,15,0
Sim14/LexicalAmbiguity_67,Ambiguity_Knowledge,circuit-44484,1,9,0,9,9,0
Sim14/LexicalAmbiguity_68,Ambiguity_Knowledge,circuit-44486,4,3,0,12,12,0
Sim14/LexicalAmbiguity_69,Ambiguity_Knowledge,circuit-44488,1,6,0,6,6,0
Sim14/LexicalAmbiguity_70,Ambiguity_King,circuit-44490,3,3,0,9,9,0
Sim14/LexicalAmbiguity_71,Ambiguity_King,circuit-44492,1,6,0,6,6,0
Sim14/LexicalAmbiguity_72,Ambiguity_King,circuit-44494,1,6,0,6,6,0
Sim14/LexicalAmbiguity_73,Ambiguity_King,circuit-44496,1,6,0,6,6,0
Sim14/LexicalAmbiguity_74,Ambiguity_King,circuit-44498,1,6,0,6,6,0
Sim14/LexicalAmbiguity_75,Ambiguity_King,circuit-44500,2,18,0,25,25,0
Sim14/LexicalAmbiguity_76,Ambiguity_King,circuit-44502,2,18,0,25,25,0
Sim14/LexicalAmbiguity_77,Ambiguity_King,circuit-44504,1,6,0,6,6,0
Sim14/LexicalAmbiguity_78,Ambiguity_King,circuit-44506,1,6,0,6,6,0
Sim14/LexicalAmbiguity_79,Ambiguity_King,circuit-44508,1,6,0,6,6,0
Sim14/LexicalAmbiguity_86,Ambiguity_Possess,circuit-44516,1,6,0,6,6,0
Sim14/LexicalAmbiguity_90,Ambiguity_Hit,circuit-44521,1,6,0,6,6,0
Sim14/LexicalAmbiguity_91,Ambiguity_Hit,circuit-44523,1,6,0,6,6,0
Sim14/LexicalAmbiguity_92,Ambiguity_Hit,circuit-44525,1,6,0,6,6,0
Sim14/LexicalAmbiguity_93,Ambiguity_Hit,circuit-44527,1,9,0,9,9,0
Sim14/LexicalAmbiguity_94,Ambiguity_Hit,circuit-44529,1,6,0,6,6,0
Sim14/LexicalAmbiguity_95,Ambiguity_Hit,circuit-44531,2,18,0,25,25,0
Sim14/LexicalAmbiguity_96,Ambiguity_Hit,circuit-44533,2,16,0,22,22,0
Sim14/LexicalAmbiguity_97,Ambiguity_Hit,circuit-44535,2,18,0,25,25,0
Sim14/LexicalAmbiguity_98,Ambiguity_Hit,circuit-44537,1,6,0,6,6,0
Sim14/LexicalAmbiguity_99,Ambiguity_Hit,circuit-44539,1,6,0,6,6,0
Sim14/LexicalAmbiguity_100,Ambiguity_Multiply,circuit-44541,2,16,0,19,19,0
Sim14/LexicalAmbiguity_101,Ambiguity_Multiply,circuit-44543,1,3,0,3,3,0
Sim14/LexicalAmbiguity_102,Ambiguity_Multiply,circuit-44545,1,6,0,6,6,0
Sim14/LexicalAmbiguity_103,Ambiguity_Multiply,circuit-44547,4,3,0,12,12,0
Sim14/LexicalAmbiguity_104,Ambiguity_Multiply,circuit-44549,2,18,0,25,25,0
Sim14/LexicalAmbiguity_105,Ambiguity_Multiply,circuit-44551,2,16,0,19,19,0
Sim14/LexicalAmbiguity_106,Ambiguity_Multiply,circuit-44553,1,6,0,6,6,0
Sim14/LexicalAmbiguity_107,Ambiguity_Multiply,circuit-44555,3,28,0,41,41,0
Sim14/LexicalAmbiguity_108,Ambiguity_Multiply,circuit-44557,2,18,0,25,25,0
Sim14/LexicalAmbiguity_109,Ambiguity_Multiply,circuit-44559,1,6,0,6,6,0
Sim14/LexicalAmbiguity_110,Ambiguity_Open,circuit-44561,2,16,0,22,22,0
Sim14/LexicalAmbiguity_111,Ambiguity_Open,circuit-44563,2,18,0,25,25,0
Sim14/LexicalAmbiguity_112,Ambiguity_Open,circuit-44565,2,18,0,25,25,0
Sim14/LexicalAmbiguity_113,Ambiguity_Open,circuit-44567,2,18,0,25,25,0
Sim14/LexicalAmbiguity_114,Ambiguity_Open,circuit-44569,3,30,0,28,28,0
Sim14/LexicalAmbiguity_115,Ambiguity_Conquer,circuit-44571,1,6,0,6,6,0
Sim14/LexicalAmbiguity_116,Ambiguity_Conquer,circuit-44573,1,6,0,6,6,0
Sim14/LexicalAmbiguity_117,Ambiguity_Conquer,circuit-44575,1,6,0,6,6,0
Sim14/LexicalAmbiguity_118,Ambiguity_Conquer,circuit-44577,1,6,0,6,6,0
Sim14/LexicalAmbiguity_119,Ambiguity_Conquer,circuit-44579,1,6,0,6,6,0
Sim14/LexicalAmbiguity_120,Ambiguity_Open,circuit-44581,1,6,0,6,6,0
Sim14/LexicalAmbiguity_121,Ambiguity_Open,circuit-44583,1,6,0,6,6,0
Sim14/LexicalAmbiguity_122,Ambiguity_Open,circuit-44585,1,6,0,6,6,0
Sim14/LexicalAmbiguity_123,Ambiguity_Open,circuit-44587,1,6,0,6,6,0
Sim14/LexicalAmbiguity_124,Ambiguity_Open,circuit-44589,3,30,0,28,28,0
